id,code,description,unit,category,subcategory,rate,cellRate_reference,cellRate_rate,excelCellReference,sourceSheetName,keywords
UND1,UND1,Excavate preliminary trench (by hand),m3,Underpinning,Trench Excavation,45.6,Underpinning!E13,45.6,Underpinning!A13,Underpinning,trench
UND2,UND2,Clean face of brickwork/concrete exposed during excavations,m2,Underpinning,Excavation,11.2,Underpinning!E14,11.2,Underpinning!A14,Underpinning,"excavation,concrete"
UND3,UND3,Dispose of excavation arisings off site; clean inert material,m3,Underpinning,Excavation,58.79,Underpinning!E16,58.79,Underpinning!A16,Underpinning,excavation
UND4,UND4,Level & compact bottom of excavation,m2,Underpinning,Excavation,4.8,Underpinning!E17,4.8,Underpinning!A17,Underpinning,excavation
UND5,UND5,EWS; not exceeding 1m,m2,Underpinning,Underpinning,9.89,Underpinning!E18,9.89,Underpinning!A18,Underpinning,1m
UND6,UND6,Filling; with SEM,m3,Underpinning,Underpinning,39.79,Underpinning!E19,39.79,Underpinning!A19,Underpinning,
UND7,UND1,Excavate preliminary trench (by hand),m3,Underpinning,Trench Excavation,70.28,Underpinning!E22,70.28,Underpinning!A22,Underpinning,trench
UND8,UND2,Clean face of brickwork/concrete exposed during excavations,m2,Underpinning,Excavation,11.2,Underpinning!E23,11.2,Underpinning!A23,Underpinning,"excavation,concrete"
UND9,UND3,Dispose of excavation arisings off site; clean inert material,m3,Underpinning,Excavation,58.79,Underpinning!E25,58.79,Underpinning!A25,Underpinning,excavation
UND10,UND4,Level & compact bottom of excavation,m2,Underpinning,Excavation,4.8,Underpinning!E26,4.8,Underpinning!A26,Underpinning,excavation
UND11,UND5,EWS; not exceeding 2m,m2,Underpinning,Underpinning,20.41,Underpinning!E27,20.41,Underpinning!A27,Underpinning,2m
UND12,UND6,Filling; with SEM,m3,Underpinning,Underpinning,39.79,Underpinning!E28,39.79,Underpinning!A28,Underpinning,
UND13,UND1,Excavate underpinning trench (by hand),m3,Underpinning,Underpinning Excavation,78.51,Underpinning!E31,78.51,Underpinning!A31,Underpinning,"underpinning,trench"
UND14,UND2,Dispose of excavation arisings off site; clean inert material,m3,Underpinning,Excavation,58.79,Underpinning!E33,58.79,Underpinning!A33,Underpinning,excavation
UND15,UND3,EWS; not exceeding 1m,m2,Underpinning,Underpinning,15.01,Underpinning!E34,15.01,Underpinning!A34,Underpinning,1m
UND16,UND4,Level & compact bottom of excavation,m2,Underpinning,Excavation,4.8,Underpinning!E35,4.8,Underpinning!A35,Underpinning,excavation
UND17,UND5,to underpin,m3,Underpinning,Plain Concrete FND2,277.75,Underpinning!E37,277.75,Underpinning!A37,Underpinning,
UND18,UND6,Formwork to face of underpin,m2,Underpinning,Plain Concrete FND2,50.86,Underpinning!E38,50.86,Underpinning!A38,Underpinning,
UND19,UND7,Formwork to rear face of underpin; left in,m2,Underpinning,Plain Concrete FND2,26.02,Underpinning!E39,26.02,Underpinning!A39,Underpinning,
UND20,UND8,Clean face of concrete of adjacent pins,m2,Underpinning,Plain Concrete FND2,11.2,Underpinning!E40,11.2,Underpinning!A40,Underpinning,concrete
UND21,UND9,16 dia x 600 lg dowel bars between adjacent pins,nr,Underpinning,Plain Concrete FND2,5.63,Underpinning!E41,5.63,Underpinning!A41,Underpinning,
UND22,UND10,Imported granular fill; type 1,m3,Underpinning,Plain Concrete FND2,77.81,Underpinning!E42,77.81,Underpinning!A42,Underpinning,
UND23,UND11,Level & compact surface of fill,m2,Underpinning,Plain Concrete FND2,4.8,Underpinning!E43,4.8,Underpinning!A43,Underpinning,
UND24,UND12,Clean underside of existing foundation; 1000mm wide,m,Underpinning,Plain Concrete FND2,63.31,Underpinning!E44,63.31,Underpinning!A44,Underpinning,"1000mm,foundation"
UND25,UND13,Dry pack to underside of existing foundation; not exceeding 1000mm wide,m,Underpinning,Plain Concrete FND2,109.53,Underpinning!E45,109.53,Underpinning!A45,Underpinning,"1000mm,foundation"
UND26,UND1,Excavate underpinning trench (by hand),m3,Underpinning,Plain Concrete FND2,85.1,Underpinning!E48,85.1,Underpinning!A48,Underpinning,"underpinning,trench"
UND27,UND2,Dispose of excavation arisings off site; clean inert material,m3,Underpinning,Plain Concrete FND2,58.79,Underpinning!E50,58.79,Underpinning!A50,Underpinning,excavation
UND28,UND3,EWS; not exceeding 2m,m2,Underpinning,Plain Concrete FND2,31.2,Underpinning!E51,31.2,Underpinning!A51,Underpinning,2m
UND29,UND4,Level & compact bottom of excavation,m2,Underpinning,Plain Concrete FND2,4.8,Underpinning!E52,4.8,Underpinning!A52,Underpinning,excavation
UND30,UND5,to underpin,m3,Underpinning,Plain Concrete FND2,277.75,Underpinning!E54,277.75,Underpinning!A54,Underpinning,
UND31,UND6,Formwork to face of underpin,m2,Underpinning,Plain Concrete FND2,50.86,Underpinning!E55,50.86,Underpinning!A55,Underpinning,
UND32,UND7,Formwork to rear face of underpin; left in,m2,Underpinning,Plain Concrete FND2,26.02,Underpinning!E56,26.02,Underpinning!A56,Underpinning,
UND33,UND8,Clean face of concrete of adjacent pins,m2,Underpinning,Plain Concrete FND2,11.2,Underpinning!E57,11.2,Underpinning!A57,Underpinning,concrete
UND34,UND9,16 dia x 600 lg dowel bars between adjacent pins,nr,Underpinning,Plain Concrete FND2,5.63,Underpinning!E58,5.63,Underpinning!A58,Underpinning,
UND35,UND10,Imported granular fill; type 1,m3,Underpinning,Plain Concrete FND2,77.81,Underpinning!E59,77.81,Underpinning!A59,Underpinning,
UND36,UND11,Level & compact surface of fill,m2,Underpinning,Plain Concrete FND2,4.8,Underpinning!E60,4.8,Underpinning!A60,Underpinning,
UND37,UND12,Clean underside of existing foundation; 1000mm wide,m,Underpinning,Plain Concrete FND2,63.31,Underpinning!E61,63.31,Underpinning!A61,Underpinning,"1000mm,foundation"
UND38,UND13,Dry pack to underside of existing foundation; not exceeding 1000mm wide,m,Underpinning,Plain Concrete FND2,109.53,Underpinning!E62,109.53,Underpinning!A62,Underpinning,"1000mm,foundation"
UND39,UND1,Excavate underpinning trench (by hand),m3,Underpinning,Plain Concrete FND2,101.55,Underpinning!E65,101.55,Underpinning!A65,Underpinning,"underpinning,trench"
UND40,UND2,Dispose of excavation arisings off site; clean inert material,m3,Underpinning,Plain Concrete FND2,58.79,Underpinning!E67,58.79,Underpinning!A67,Underpinning,excavation
UND41,UND3,EWS; not exceeding 3m,m2,Underpinning,Plain Concrete FND2,47.99,Underpinning!E68,47.99,Underpinning!A68,Underpinning,3m
UND42,UND4,Level & compact bottom of excavation,m2,Underpinning,Plain Concrete FND2,4.8,Underpinning!E69,4.8,Underpinning!A69,Underpinning,excavation
UND43,UND5,to underpin,m3,Underpinning,Plain Concrete FND2,277.75,Underpinning!E71,277.75,Underpinning!A71,Underpinning,
UND44,UND6,Formwork to face of underpin,m2,Underpinning,Plain Concrete FND2,50.86,Underpinning!E72,50.86,Underpinning!A72,Underpinning,
UND45,UND7,Formwork to rear face of underpin; left in,m2,Underpinning,Plain Concrete FND2,26.02,Underpinning!E73,26.02,Underpinning!A73,Underpinning,
UND46,UND8,Clean face of concrete of adjacent pins,m2,Underpinning,Plain Concrete FND2,11.2,Underpinning!E74,11.2,Underpinning!A74,Underpinning,concrete
UND47,UND9,16 dia x 600 lg dowel bars between adjacent pins,nr,Underpinning,Plain Concrete FND2,5.63,Underpinning!E75,5.63,Underpinning!A75,Underpinning,
UND48,UND10,Imported granular fill; type 1,m3,Underpinning,Plain Concrete FND2,77.81,Underpinning!E76,77.81,Underpinning!A76,Underpinning,
UND49,UND11,Level & compact surface of fill,m2,Underpinning,Plain Concrete FND2,4.8,Underpinning!E77,4.8,Underpinning!A77,Underpinning,
UND50,UND12,Clean underside of existing foundation; 1000mm wide,m,Underpinning,Plain Concrete FND2,63.31,Underpinning!E78,63.31,Underpinning!A78,Underpinning,"1000mm,foundation"
UND51,UND13,Dry pack to underside of existing foundation; not exceeding 1000mm wide,m,Underpinning,Plain Concrete FND2,109.53,Underpinning!E79,109.53,Underpinning!A79,Underpinning,"1000mm,foundation"
UND52,UND1,Excavate underpinning trench (by hand); not exceeding 4m dp,m3,Underpinning,Plain Concrete FND2,131.18,Underpinning!E82,131.18,Underpinning!A82,Underpinning,"4m,underpinning,trench"
UND53,UND2,Dispose of excavation arisings off site; clean inert material,m3,Underpinning,Plain Concrete FND2,58.79,Underpinning!E84,58.79,Underpinning!A84,Underpinning,excavation
UND54,UND3,EWS; not exceeding 4m,m2,Underpinning,Plain Concrete FND2,69.49,Underpinning!E85,69.49,Underpinning!A85,Underpinning,4m
UND55,UND4,Level & compact bottom of excavation,m2,Underpinning,Plain Concrete FND2,4.8,Underpinning!E86,4.8,Underpinning!A86,Underpinning,excavation
UND56,UND5,to underpin,m3,Underpinning,Plain Concrete FND2,277.75,Underpinning!E88,277.75,Underpinning!A88,Underpinning,
UND57,UND6,Formwork to face of underpin,m2,Underpinning,Plain Concrete FND2,50.86,Underpinning!E89,50.86,Underpinning!A89,Underpinning,
UND58,UND7,Formwork to rear face of underpin; left in,m2,Underpinning,Plain Concrete FND2,26.02,Underpinning!E90,26.02,Underpinning!A90,Underpinning,
UND59,UND8,Clean face of concrete of adjacent pins,m2,Underpinning,Plain Concrete FND2,11.2,Underpinning!E91,11.2,Underpinning!A91,Underpinning,concrete
UND60,UND9,16 dia x 600 lg dowel bars between adjacent pins,nr,Underpinning,Plain Concrete FND2,5.63,Underpinning!E92,5.63,Underpinning!A92,Underpinning,
UND61,UND10,Imported granular fill; type 1,m3,Underpinning,Plain Concrete FND2,77.81,Underpinning!E93,77.81,Underpinning!A93,Underpinning,
UND62,UND11,Level & compact surface of fill,m2,Underpinning,Plain Concrete FND2,4.8,Underpinning!E94,4.8,Underpinning!A94,Underpinning,
UND63,UND12,Clean underside of existing foundation; 1000mm wide,m,Underpinning,Plain Concrete FND2,63.31,Underpinning!E95,63.31,Underpinning!A95,Underpinning,"1000mm,foundation"
UND64,UND13,Dry pack to underside of existing foundation; 1000mm wide,m,Underpinning,Plain Concrete FND2,109.53,Underpinning!E96,109.53,Underpinning!A96,Underpinning,"1000mm,foundation"
UND65,UND1,Exc preliminary trench (by hand & excvtr); not exceeding 1m dp,m3,Underpinning,Plain Concrete FND2,45.6,Underpinning!E99,45.6,Underpinning!A99,Underpinning,"1m,trench"
UND66,UND2,Exc preliminary trench (by hand & excvtr); not exceeding 2m dp,m3,Underpinning,Plain Concrete FND2,70.28,Underpinning!E100,70.28,Underpinning!A100,Underpinning,"2m,trench"
UND67,UND3,Exc preliminary trench (by hand & excvtr); not exceeding 4m dp,m3,Underpinning,Plain Concrete FND2,94.97,Underpinning!E101,94.97,Underpinning!A101,Underpinning,"4m,trench"
UND68,UND4,Exc preliminary trench (by hand & excvtr); not exceeding 6m dp,m3,Underpinning,Plain Concrete FND2,121.3,Underpinning!E102,121.3,Underpinning!A102,Underpinning,"6m,trench"
UND69,UND5,Excavate underpinning trench (by hand); not exceeding 1m dp,m3,Underpinning,Plain Concrete FND2,78.51,Underpinning!E103,78.51,Underpinning!A103,Underpinning,"1m,underpinning,trench"
UND70,UND6,Excavate underpinning trench (by hand); not exceeding 2m dp,m3,Underpinning,Plain Concrete FND2,85.1,Underpinning!E104,85.1,Underpinning!A104,Underpinning,"2m,underpinning,trench"
UND71,UND7,Excavate underpinning trench (by hand); not exceeding 3m dp,m3,Underpinning,Plain Concrete FND2,101.55,Underpinning!E105,101.55,Underpinning!A105,Underpinning,"3m,underpinning,trench"
UND72,UND8,Excavate underpinning trench (by hand); not exceeding 4m dp,m3,Underpinning,Plain Concrete FND2,131.18,Underpinning!E106,131.18,Underpinning!A106,Underpinning,"4m,underpinning,trench"
UND73,UND9,Excavate underpinning trench (by hand); not exceeding 6m dp,m3,Underpinning,Plain Concrete FND2,177.26,Underpinning!E107,177.26,Underpinning!A107,Underpinning,"6m,underpinning,trench"
UND74,UND10,EO excs for break out brickwork/rock obstructions (prov),m3,Underpinning,Plain Concrete FND2,143.72,Underpinning!E108,143.72,Underpinning!A108,Underpinning,
UND75,UND11,EO excs for break out concrete obstructions (prov),m3,Underpinning,Plain Concrete FND2,213.48,Underpinning!E109,213.48,Underpinning!A109,Underpinning,concrete
UND76,UND12,EO excs for break out reinfd concrete obstructions (prov),m3,Underpinning,Plain Concrete FND2,283.23,Underpinning!E110,283.23,Underpinning!A110,Underpinning,concrete
UND77,UND13,EO excs for break out concrete slab; 150mm thk,m2,Underpinning,Plain Concrete FND2,19.29,Underpinning!E111,19.29,Underpinning!A111,Underpinning,"150mm,concrete"
UND78,UND14,EO excs for exc below grd water level (prov),m3,Underpinning,Plain Concrete FND2,116.33,Underpinning!E112,116.33,Underpinning!A112,Underpinning,
UND79,UND15,Dispose of excavation arisings off site; clean inert material,m3,Underpinning,Plain Concrete FND2,69.61,Underpinning!E114,69.61,Underpinning!A114,Underpinning,excavation
UND80,UND16,Sidecast & stockpile,m3,Underpinning,Plain Concrete FND2,16.75,Underpinning!E115,16.75,Underpinning!A115,Underpinning,
UND81,UND17,Cut off projecting brick corbelled foundation; not exceeding 300 x 300,m,Underpinning,Plain Concrete FND2,45.95,Underpinning!E116,45.95,Underpinning!A116,Underpinning,foundation
UND82,UND18,Clean off face of brickwork,m2,Underpinning,Plain Concrete FND2,6.49,Underpinning!E117,6.49,Underpinning!A117,Underpinning,
UND83,UND19,Level & compact bottom of excavation,m2,Underpinning,Plain Concrete FND2,7.5,Underpinning!E118,7.5,Underpinning!A118,Underpinning,excavation
UND84,UND20,EWS; not exceeding 1m,m2,Underpinning,Plain Concrete FND2,15.01,Underpinning!E119,15.01,Underpinning!A119,Underpinning,1m
UND85,UND21,EWS; not exceeding 2m,m2,Underpinning,Plain Concrete FND2,31.2,Underpinning!E120,31.2,Underpinning!A120,Underpinning,2m
UND86,UND22,EWS; not exceeding 3m,m2,Underpinning,Plain Concrete FND2,47.99,Underpinning!E121,47.99,Underpinning!A121,Underpinning,3m
UND87,UND23,EWS; not exceeding 4m,m2,Underpinning,Plain Concrete FND2,69.49,Underpinning!E122,69.49,Underpinning!A122,Underpinning,4m
UND88,UND24,EWS; not exceeding 6m,m2,Underpinning,Plain Concrete FND2,104.23,Underpinning!E123,104.23,Underpinning!A123,Underpinning,6m
UND89,UND25,EO for left in,m2,Underpinning,Plain Concrete FND2,16.48,Underpinning!E124,16.48,Underpinning!A124,Underpinning,
UND90,UND26,16 dia x 600 lg dowel bars between adjacent pins,nr,Underpinning,Plain Concrete FND2,15.23,Underpinning!E125,15.23,Underpinning!A125,Underpinning,
UND91,UND27,Clean underside of existing foundation; 600mm wide,m,Underpinning,Plain Concrete FND2,37.98,Underpinning!E126,37.98,Underpinning!A126,Underpinning,"600mm,foundation"
UND92,UND28,Clean underside of existing foundation; 800mm wide,m,Underpinning,Plain Concrete FND2,50.64,Underpinning!E127,50.64,Underpinning!A127,Underpinning,"800mm,foundation"
UND93,UND29,Clean underside of existing foundation,m2,Underpinning,Plain Concrete FND2,63.31,Underpinning!E128,63.31,Underpinning!A128,Underpinning,foundation
UND94,UND30,Clean underside of existing foundation; 1200mm wide,m,Underpinning,Plain Concrete FND2,75.97,Underpinning!E129,75.97,Underpinning!A129,Underpinning,"1200mm,foundation"
UND95,UND31,Clean underside of existing foundation; 1500mm wide,m,Underpinning,Plain Concrete FND2,94.96,Underpinning!E130,94.96,Underpinning!A130,Underpinning,"1500mm,foundation"
UND96,UND32,Temporary works; propping existing foundations (per pin),nr,Underpinning,Plain Concrete FND2,81.29,Underpinning!E131,81.29,Underpinning!A131,Underpinning,foundation
UND97,UND33,Dispose surface water,item,Underpinning,Plain Concrete FND2,0.0,,0.0,Underpinning!A132,Underpinning,
UND98,UND34,Dispose ground water,item,Underpinning,Plain Concrete FND2,983.33,Underpinning!E133,983.33,Underpinning!A133,Underpinning,
UND99,UND35,Filling; with SEM,m3,Underpinning,Plain Concrete FND2,39.79,Underpinning!E134,39.79,Underpinning!A134,Underpinning,
UND100,UND36,Imported granular fill; crushed concrete,m3,Underpinning,Plain Concrete FND2,97.47,Underpinning!E135,97.47,Underpinning!A135,Underpinning,concrete
UND101,UND37,Imported granular fill; 6F2,m3,Underpinning,Plain Concrete FND2,98.79,Underpinning!E136,98.79,Underpinning!A136,Underpinning,
UND102,UND38,Imported granular fill; 6F1,m3,Underpinning,Plain Concrete FND2,100.1,Underpinning!E137,100.1,Underpinning!A137,Underpinning,
UND103,UND39,Imported granular fill; type 2,m3,Underpinning,Plain Concrete FND2,102.72,Underpinning!E138,102.72,Underpinning!A138,Underpinning,
UND104,UND40,Imported granular fill; type 1,m3,Underpinning,Plain Concrete FND2,106.65,Underpinning!E139,106.65,Underpinning!A139,Underpinning,
UND105,UND41,Level & compact surface of fill,m2,Underpinning,Plain Concrete FND2,7.61,Underpinning!E140,7.61,Underpinning!A140,Underpinning,
UND106,UND42,Blinding not exceeding 150 thk,m3,Underpinning,Plain Concrete GEN1,286.55,Underpinning!E143,286.55,Underpinning!A143,Underpinning,
UND107,UND43,Blinding not exceeding 150 thk; 50mm thick,m2,Underpinning,Plain Concrete GEN1,14.33,Underpinning!E144,14.33,Underpinning!A144,Underpinning,50mm
UND108,UND44,Underpins,m3,Underpinning,Plain Concrete FND2,277.75,Underpinning!E147,277.75,Underpinning!A147,Underpinning,
UND109,UND45,Mass fill,m3,Underpinning,Plain Concrete FND2,277.75,Underpinning!E148,277.75,Underpinning!A148,Underpinning,
UND110,UND46,Bed; 150-450mm thk,m3,Underpinning,Plain Concrete FND2,253.6,Underpinning!E149,253.6,Underpinning!A149,Underpinning,450mm
UND111,UND47,Wall; 150-450mm thk,m3,Underpinning,Plain Concrete FND2,306.96,Underpinning!E150,306.96,Underpinning!A150,Underpinning,450mm
UND112,UND48,Underpins,m3,Underpinning,Plain Concrete RC40,280.46,Underpinning!E153,280.46,Underpinning!A153,Underpinning,
UND113,UND49,Formwork to face of underpin,m2,Underpinning,Formwork; Basic Finish,50.86,Underpinning!E156,50.86,Underpinning!A156,Underpinning,
UND114,UND50,Formwork to rear face of underpin; left in,m2,Underpinning,Formwork; Basic Finish,26.02,Underpinning!E157,26.02,Underpinning!A157,Underpinning,
UND115,UND51,Foundations; not exceeding 250,m,Underpinning,Formwork; Basic Finish,10.15,Underpinning!E158,10.15,Underpinning!A158,Underpinning,foundation
UND116,UND52,Foundations; 250-500,m,Underpinning,Formwork; Basic Finish,14.04,Underpinning!E159,14.04,Underpinning!A159,Underpinning,foundation
UND117,UND53,Foundations; 500-1m,m,Underpinning,Formwork; Basic Finish,22.83,Underpinning!E160,22.83,Underpinning!A160,Underpinning,"1m,foundation"
UND118,UND54,Foundations; ex 1m,m2,Underpinning,Formwork; Basic Finish,27.26,Underpinning!E161,27.26,Underpinning!A161,Underpinning,"1m,foundation"
UND119,UND55,Foundations; not exceeding 250; permanent left-in,m,Underpinning,Formwork; Basic Finish,6.79,Underpinning!E162,6.79,Underpinning!A162,Underpinning,foundation
UND120,UND56,Foundations; 250-500; permanent left in,m,Underpinning,Formwork; Basic Finish,9.15,Underpinning!E163,9.15,Underpinning!A163,Underpinning,foundation
UND121,UND57,Foundations; 500-1m; permanent left in,m,Underpinning,Formwork; Basic Finish,12.69,Underpinning!E164,12.69,Underpinning!A164,Underpinning,"1m,foundation"
UND122,UND58,Foundations; ex 1m; permanent left in,m2,Underpinning,Formwork; Basic Finish,16.52,Underpinning!E165,16.52,Underpinning!A165,Underpinning,"1m,foundation"
UND123,UND59,Ground beams & edge of bed; not exceeding 250,m,Underpinning,Formwork; Basic Finish,11.68,Underpinning!E166,11.68,Underpinning!A166,Underpinning,
UND124,UND60,Ground beams & edge of bed; 250-500,m,Underpinning,Formwork; Basic Finish,15.75,Underpinning!E167,15.75,Underpinning!A167,Underpinning,
UND125,UND61,Ground beams & edge of bed; 500-1m,m,Underpinning,Formwork; Basic Finish,24.54,Underpinning!E168,24.54,Underpinning!A168,Underpinning,1m
UND126,UND62,Ground beams & edge of bed; ex 1m,m2,Underpinning,Formwork; Basic Finish,27.61,Underpinning!E169,27.61,Underpinning!A169,Underpinning,1m
UND127,UND63,Walls,m2,Underpinning,Formwork; Basic Finish,90.65,Underpinning!E170,90.65,Underpinning!A170,Underpinning,
UND128,UND64,Wall kickers,m,Underpinning,Formwork; Basic Finish,28.01,Underpinning!E171,28.01,Underpinning!A171,Underpinning,
UND129,UND65,Various sizes 10-40mm dia,item,Underpinning,Reinforcement; (Provisional),2095.95,Underpinning!E175,2095.95,Underpinning!A175,Underpinning,40mm
UND130,UND66,Reinforced continuity joint with Conobar or similar; to 250 thick slab; H16 bars T&B,m,Underpinning,Reinforcement; (Provisional),74.59,Underpinning!E176,74.59,Underpinning!A176,Underpinning,
UND131,UND67,Coupler; T12,nr,Underpinning,Reinforcement; (Provisional),20.4,Underpinning!E177,20.4,Underpinning!A177,Underpinning,
UND132,UND68,Coupler; T16,nr,Underpinning,Reinforcement; (Provisional),20.8,Underpinning!E178,20.8,Underpinning!A178,Underpinning,
UND133,UND69,Coupler; T20,nr,Underpinning,Reinforcement; (Provisional),22.26,Underpinning!E179,22.26,Underpinning!A179,Underpinning,
UND134,UND70,Tamp finish (Special finish),m2,Underpinning,Concrete unformed finishes,2.91,Underpinning!E182,2.91,Underpinning!A182,Underpinning,
UND135,UND71,Trowel finish,m2,Underpinning,Concrete unformed finishes,7.29,Underpinning!E183,7.29,Underpinning!A183,Underpinning,
UND136,UND72,Trowel; not exceeding 250mm,m,Underpinning,Concrete unformed finishes,3.83,Underpinning!E184,3.83,Underpinning!A184,Underpinning,250mm
UND137,UND73,Trowel; 250-500mm,m,Underpinning,Concrete unformed finishes,4.37,Underpinning!E185,4.37,Underpinning!A185,Underpinning,500mm
UND138,UND74,Trowel; 500-1m,m,Underpinning,Concrete unformed finishes,6.56,Underpinning!E186,6.56,Underpinning!A186,Underpinning,1m
UND139,UND75,EO joints for hydrophillic waterstop,m,Underpinning,Joints,10.86,Underpinning!E189,10.86,Underpinning!A189,Underpinning,
UND140,UND76,EO joints for serviseal AT240 waterstop,m,Underpinning,Joints,15.91,Underpinning!E190,15.91,Underpinning!A190,Underpinning,
UND141,UND77,EO joints for serviseal AT240 waterstop 2 way joint (L),nr,Underpinning,Joints,41.49,Underpinning!E191,41.49,Underpinning!A191,Underpinning,
UND142,UND78,EO joints for serviseal AT240 waterstop 3 way joint (T),nr,Underpinning,Joints,48.48,Underpinning!E192,48.48,Underpinning!A192,Underpinning,
UND143,UND79,EO joints for serviseal AT240 waterstop 4 way joint (X),nr,Underpinning,Joints,79.45,Underpinning!E193,79.45,Underpinning!A193,Underpinning,
UND144,UND80,Dry pack to underside of existing foundation; not exceeding 600mm wide,m,Underpinning,Sundries,65.72,Underpinning!E196,65.72,Underpinning!A196,Underpinning,"600mm,foundation"
UND145,UND81,Dry pack to underside of existing foundation; not exceeding 800mm wide,m,Underpinning,Sundries,87.62,Underpinning!E197,87.62,Underpinning!A197,Underpinning,"800mm,foundation"
UND146,UND82,Dry pack to underside of existing foundation; not exceeding 1000mm wide,m,Underpinning,Sundries,109.53,Underpinning!E198,109.53,Underpinning!A198,Underpinning,"1000mm,foundation"
UND147,UND83,Dry pack to underside of existing foundation; not exceeding 1200mm wide,m,Underpinning,Sundries,131.44,Underpinning!E199,131.44,Underpinning!A199,Underpinning,"1200mm,foundation"
UND148,UND84,Dry pack to underside of existing foundation; not exceeding 1500mm wide,m,Underpinning,Sundries,164.3,Underpinning!E200,164.3,Underpinning!A200,Underpinning,"1500mm,foundation"
UND149,UND85,Dry pack to underside of existing foundation,m2,Underpinning,Sundries,109.53,Underpinning!E201,109.53,Underpinning!A201,Underpinning,foundation
UND150,UND86,75mm Dry pack to underside of existing foundation,m2,Underpinning,Sundries,148.0,Underpinning!E202,148.0,Underpinning!A202,Underpinning,"75mm,foundation"
UND151,UND87,100mm Dry pack to underside of existing foundation,m2,Underpinning,Sundries,219.06,Underpinning!E203,219.06,Underpinning!A203,Underpinning,"100mm,foundation"
UND152,UND88,Drill & grout dowel bars; Hilti HIT resin,nr,Underpinning,Sundries,11.53,Underpinning!E204,11.53,Underpinning!A204,Underpinning,
UND153,UND89,Dowel bars; between underpins,nr,Underpinning,Sundries,15.11,Underpinning!E205,15.11,Underpinning!A205,Underpinning,
UND154,UND90,Polystyrene void former,m3,Underpinning,Sundries,122.88,Underpinning!E206,122.88,Underpinning!A206,Underpinning,
UND155,UND91,Cellcore; CP8/12; 300mm thk; horizontal,m2,Underpinning,Sundries,45.77,Underpinning!E207,45.77,Underpinning!A207,Underpinning,300mm
UND156,UND92,Cellcore; CP20/30; 300mm thk; horizontal,m2,Underpinning,Sundries,50.97,Underpinning!E208,50.97,Underpinning!A208,Underpinning,300mm
UND157,UND93,Claymaster; 75mm thk; vertical,m2,Underpinning,Sundries,17.06,Underpinning!E209,17.06,Underpinning!A209,Underpinning,75mm
UND158,UND94,Form corbel; 100 x 300 x 1000; 4nr H10 reinforcing bars,m,Underpinning,Sundries,244.85,Underpinning!E210,244.85,Underpinning!A210,Underpinning,
UND159,UND95,Form toe to base of underpin; 750 x 500,m,Underpinning,Sundries,129.56,Underpinning!E211,129.56,Underpinning!A211,Underpinning,
UND160,UND96,50mm compressible EPS movement joint filler; 250mm wide between toe and slab/ground beam,m,Underpinning,Sundries,30.81,Underpinning!E212,30.81,Underpinning!A212,Underpinning,"50mm,250mm"
UND161,UND97,EO Form key/joggle joint between bays,m2,Underpinning,Sundries,45.29,Underpinning!E213,45.29,Underpinning!A213,Underpinning,bay
UND162,UND98,Temporary propping,m,Underpinning,Sundries,513.3,Underpinning!E214,513.3,Underpinning!A214,Underpinning,
